

{
  "Working Directory" : "\/Users\/alexanderekdahl",
  "Prompt Before Closing 2" : false,
  "Selected Text Color" : {
    "Red Component" : 0.67058825492858887,
    "Color Space" : "sRGB",
    "Blue Component" : 0.74901962280273438,
    "Alpha Component" : 1,
    "Green Component" : 0.69803923368453979
  },
  "Rows" : 25,
  "Ansi 11 Color" : {
    "Red Component" : 0.89803922176361084,
    "Color Space" : "sRGB",
    "Blue Component" : 0.48235294222831726,
    "Alpha Component" : 1,
    "Green Component" : 0.75294119119644165
  },
  "Use Italic Font" : true,
  "Foreground Color" : {
    "Red Component" : 0.69591483101248741,
    "Color Space" : "sRGB",
    "Blue Component" : 0.774688720703125,
    "Alpha Component" : 1,
    "Green Component" : 0.72348572713398707
  },
  "Use Custom Window Title" : false,
  "Right Option Key Sends" : 0,
  "Character Encoding" : 4,
  "Selection Color" : {
    "Red Component" : 0.19607843458652496,
    "Color Space" : "sRGB",
    "Blue Component" : 0.26666668057441711,
    "Alpha Component" : 1,
    "Green Component" : 0.21960784494876862
  },
  "Blend" : 0.2428965692934783,
  "Mouse Reporting" : true,
  "Cursor Boost" : 0,
  "Ansi 4 Color" : {
    "Red Component" : 0.3803921639919281,
    "Color Space" : "sRGB",
    "Blue Component" : 0.93725490570068359,
    "Alpha Component" : 1,
    "Green Component" : 0.68627452850341797
  },
  "Non-ASCII Anti Aliased" : true,
  "Sync Title" : false,
  "Disable Window Resizing" : true,
  "Description" : "Default",
  "Close Sessions On End" : true,
  "Jobs to Ignore" : [
    "rlogin",
    "ssh",
    "slogin",
    "telnet"
  ],
  "Non-ASCII Ligatures" : true,
  "Scrollback Lines" : 1000,
  "Prevent Opening in a Tab" : false,
  "Flashing Bell" : false,
  "Cursor Guide Color" : {
    "Red Component" : 0.67058825492858887,
    "Color Space" : "sRGB",
    "Blue Component" : 0.74901962280273438,
    "Alpha Component" : 0.17647058823529413,
    "Green Component" : 0.69803923368453979
  },
  "BM Growl" : false,
  "Ansi 3 Color" : {
    "Red Component" : 0.89803922176361084,
    "Color Space" : "sRGB",
    "Blue Component" : 0.48235294222831726,
    "Alpha Component" : 1,
    "Green Component" : 0.75294119119644165
  },
  "Use Non-ASCII Font" : true,
  "Link Color" : {
    "Red Component" : 0.3803921639919281,
    "Color Space" : "sRGB",
    "Blue Component" : 0.93725490570068359,
    "Alpha Component" : 1,
    "Green Component" : 0.68627452850341797
  },
  "Shortcut" : "L",
  "Bold Color" : {
    "Red Component" : 0.67058825492858887,
    "Color Space" : "sRGB",
    "Blue Component" : 0.74901962280273438,
    "Alpha Component" : 1,
    "Green Component" : 0.69803923368453979
  },
  "Use Cursor Guide" : false,
  "Unlimited Scrollback" : false,
  "Custom Command" : "No",
  "Title Components" : 259,
  "Keyboard Map" : {
    "0x5e-0x60000" : {
      "Action" : 11,
      "Text" : "0x1e"
    },
    "0xf702-0x280000" : {
      "Action" : 10,
      "Text" : "b"
    },
    "0xf702-0x260000" : {
      "Action" : 11,
      "Text" : "0x1b 0x1b 0x5b 0x44"
    },
    "0xf703-0x280000" : {
      "Action" : 10,
      "Text" : "f"
    },
    "0xf702-0x240000" : {
      "Action" : 10,
      "Text" : "[5D"
    },
    "0xf70a-0x20000" : {
      "Action" : 10,
      "Text" : "[28~"
    },
    "0x2d-0x40000" : {
      "Action" : 11,
      "Text" : "0x1f"
    },
    "0xf702-0x220000" : {
      "Action" : 10,
      "Text" : "[D"
    },
    "0xf703-0x240000" : {
      "Action" : 10,
      "Text" : "[5C"
    },
    "0xf703-0x260000" : {
      "Action" : 10,
      "Text" : "[C"
    },
    "0xf700-0x280000" : {
      "Action" : 10,
      "Text" : "[A"
    },
    "0xf703-0x220000" : {
      "Action" : 10,
      "Text" : "[C"
    },
    "0xf700-0x260000" : {
      "Action" : 10,
      "Text" : "[A"
    },
    "0xf701-0x280000" : {
      "Action" : 10,
      "Text" : "[B"
    },
    "0xf700-0x240000" : {
      "Action" : 10,
      "Text" : "[A"
    },
    "0xf701-0x260000" : {
      "Action" : 10,
      "Text" : "[B"
    },
    "0xf700-0x220000" : {
      "Action" : 10,
      "Text" : "[A"
    },
    "0xf701-0x240000" : {
      "Action" : 10,
      "Text" : "[B"
    },
    "0xf72b-0x20000" : {
      "Action" : 10,
      "Text" : "[F"
    },
    "0xf701-0x220000" : {
      "Action" : 10,
      "Text" : "[B"
    },
    "0xf708-0x20000" : {
      "Action" : 10,
      "Text" : "[25~"
    },
    "0xf709-0x20000" : {
      "Action" : 10,
      "Text" : "[26~"
    },
    "0xf70b-0x20000" : {
      "Action" : 10,
      "Text" : "[29~"
    },
    "0xf72b-0x40000" : {
      "Action" : 4,
      "Text" : ""
    },
    "0xf729-0x20000" : {
      "Action" : 10,
      "Text" : "[H"
    },
    "0xf729-0x40000" : {
      "Action" : 5,
      "Text" : ""
    }
  },
  "Ansi 14 Color" : {
    "Red Component" : 0.33725491166114807,
    "Color Space" : "sRGB",
    "Blue Component" : 0.7607843279838562,
    "Alpha Component" : 1,
    "Green Component" : 0.7137255072593689
  },
  "Ansi 2 Color" : {
    "Red Component" : 0.59607845544815063,
    "Color Space" : "sRGB",
    "Blue Component" : 0.47450980544090271,
    "Alpha Component" : 1,
    "Green Component" : 0.76470589637756348
  },
  "Send Code When Idle" : false,
  "ASCII Anti Aliased" : true,
  "Tags" : [

  ],
  "Ansi 9 Color" : {
    "Red Component" : 0.87843137979507446,
    "Color Space" : "sRGB",
    "Blue Component" : 0.45882353186607361,
    "Alpha Component" : 1,
    "Green Component" : 0.42352941632270813
  },
  "Use Bold Font" : true,
  "Silence Bell" : false,
  "Ansi 12 Color" : {
    "Red Component" : 0.3803921639919281,
    "Color Space" : "sRGB",
    "Blue Component" : 0.93725490570068359,
    "Alpha Component" : 1,
    "Green Component" : 0.68627452850341797
  },
  "Window Type" : 12,
  "Use Bright Bold" : true,
  "Cursor Text Color" : {
    "Red Component" : 0.92549019607843142,
    "Color Space" : "sRGB",
    "Blue Component" : 0.94901960784313721,
    "Alpha Component" : 1,
    "Green Component" : 0.93333333333333335
  },
  "Default Bookmark" : "No",
  "Cursor Color" : {
    "Red Component" : 0.12688508289784295,
    "Color Space" : "sRGB",
    "Blue Component" : 0.021513663232326508,
    "Alpha Component" : 1,
    "Green Component" : 0.652740478515625
  },
  "Ansi 1 Color" : {
    "Red Component" : 0.87843137979507446,
    "Color Space" : "sRGB",
    "Blue Component" : 0.45882353186607361,
    "Alpha Component" : 1,
    "Green Component" : 0.42352941632270813
  },
  "Name" : "Default",
  "Blinking Cursor" : false,
  "Guid" : "6AD86B52-539D-43E7-99AB-7C3723B4CCEC",
  "Idle Code" : 0,
  "Ansi 10 Color" : {
    "Red Component" : 0.59607845544815063,
    "Color Space" : "sRGB",
    "Blue Component" : 0.47450980544090271,
    "Alpha Component" : 1,
    "Green Component" : 0.76470589637756348
  },
  "Ansi 8 Color" : {
    "Red Component" : 0.46274510025978088,
    "Color Space" : "sRGB",
    "Blue Component" : 0.46274510025978088,
    "Alpha Component" : 1,
    "Green Component" : 0.46274510025978088
  },
  "Badge Color" : {
    "Red Component" : 0.87843137979507446,
    "Color Space" : "sRGB",
    "Blue Component" : 0.45882353186607361,
    "Alpha Component" : 0.5,
    "Green Component" : 0.42352941632270813
  },
  "Smart Cursor Color" : false,
  "Ambiguous Double Width" : false,
  "Blur Radius" : 13.591788563829788,
  "Background Image Mode" : 2,
  "Ansi 0 Color" : {
    "Red Component" : 0.12941177189350128,
    "Color Space" : "sRGB",
    "Blue Component" : 0.16862745583057404,
    "Alpha Component" : 1,
    "Green Component" : 0.14509804546833038
  },
  "Blur" : true,
  "Application Keypad Allowed" : false,
  "Vertical Spacing" : 1,
  "Normal Font" : "MesloLGSNerdFontComplete-Regular 16",
  "Ansi 7 Color" : {
    "Red Component" : 0.67058825492858887,
    "Color Space" : "sRGB",
    "Blue Component" : 0.74901962280273438,
    "Alpha Component" : 1,
    "Green Component" : 0.69803923368453979
  },
  "Command" : "",
  "Terminal Type" : "xterm-256color",